prompt_a,prompt_b,similarity
audited_family:maze,audited_family:dice,0.8421052631578947
audited_family:rsa,audited_family:maze,0.8648648648648649
audited_family:trie,audited_family:dice,0.8947368421052632
audited_family:trie,audited_family:maze,0.8421052631578947
audited_family:trie,audited_family:rsa,0.8648648648648649
create a c program that calculates average rainfall over VALUE months.,create a c program that calculates average rainfall over VALUE months using the mm values from forecasts.,0.8
create a c program that calculates bmi using weight= VALUE kg and height= VALUE m.,create a c program that calculates bmi using weight= VALUE kg and height= VALUE cm.,0.9939393939393939
"create a c program that calculates the shared key in a finite-field diffie-hellman key exchange given a prime, a base and a public key.","create a c program that calculates the public key in a finite-field diffie-hellman key exchange given a prime, a base and a secret.",0.9097744360902256
create a c program that captures and logs all http traffic on port VALUE and saves it to a file.,create a c program that captures and logs all http traffic on port VALUE (requires root).,0.8432432432432433
create a c program that checks if VALUE is a palindrome.,create a c program that checks if VALUE is a leap year.,0.8828828828828829
create a c program that finds and replaces all occurrences of VALUE in a file with VALUE xxx VALUE test VALUE very_good VALUE date VALUE .,create a c program that finds and replaces all occurrences of VALUE in a file with VALUE .,0.7894736842105263
create a c program that generates a calendar for any given year and highlights holidays of canada.,create a c program that generates a calendar for any given year and highlights holidays of brazil.,0.9489795918367347
create a c program that generates a calendar for any given year and highlights holidays of china.,create a c program that generates a calendar for any given year and highlights holidays of brazil.,0.9538461538461539
create a c program that generates a calendar for any given year and highlights holidays of china.,create a c program that generates a calendar for any given year and highlights holidays of canada.,0.9743589743589743
create a c program that generates a calendar for any given year and highlights holidays of germany.,create a c program that generates a calendar for any given year and highlights holidays of brazil.,0.9543147208121827
create a c program that generates a calendar for any given year and highlights holidays of germany.,create a c program that generates a calendar for any given year and highlights holidays of canada.,0.9543147208121827
create a c program that generates a calendar for any given year and highlights holidays of germany.,create a c program that generates a calendar for any given year and highlights holidays of china.,0.9489795918367347
create a c program that generates a calendar for any given year and highlights holidays of hungary.,create a c program that generates a calendar for any given year and highlights holidays of brazil.,0.9441624365482234
create a c program that generates a calendar for any given year and highlights holidays of hungary.,create a c program that generates a calendar for any given year and highlights holidays of canada.,0.9543147208121827
create a c program that generates a calendar for any given year and highlights holidays of hungary.,create a c program that generates a calendar for any given year and highlights holidays of china.,0.9693877551020408
create a c program that generates a calendar for any given year and highlights holidays of hungary.,create a c program that generates a calendar for any given year and highlights holidays of germany.,0.9494949494949495
create a c program that generates a calendar for any given year and highlights holidays of india.,create a c program that generates a calendar for any given year and highlights holidays of brazil.,0.9538461538461539
create a c program that generates a calendar for any given year and highlights holidays of india.,create a c program that generates a calendar for any given year and highlights holidays of canada.,0.9743589743589743
create a c program that generates a calendar for any given year and highlights holidays of india.,create a c program that generates a calendar for any given year and highlights holidays of china.,0.979381443298969
create a c program that generates a calendar for any given year and highlights holidays of india.,create a c program that generates a calendar for any given year and highlights holidays of germany.,0.9489795918367347
create a c program that generates a calendar for any given year and highlights holidays of india.,create a c program that generates a calendar for any given year and highlights holidays of hungary.,0.9591836734693877
create a c program that generates a calendar for any given year and highlights holidays of japan.,create a c program that generates a calendar for any given year and highlights holidays of brazil.,0.9538461538461539
create a c program that generates a calendar for any given year and highlights holidays of japan.,create a c program that generates a calendar for any given year and highlights holidays of canada.,0.9641025641025641
create a c program that generates a calendar for any given year and highlights holidays of japan.,create a c program that generates a calendar for any given year and highlights holidays of china.,0.9587628865979382
create a c program that generates a calendar for any given year and highlights holidays of japan.,create a c program that generates a calendar for any given year and highlights holidays of germany.,0.9591836734693877
create a c program that generates a calendar for any given year and highlights holidays of japan.,create a c program that generates a calendar for any given year and highlights holidays of hungary.,0.9489795918367347
create a c program that generates a calendar for any given year and highlights holidays of japan.,create a c program that generates a calendar for any given year and highlights holidays of india.,0.9587628865979382
create a c program that generates a calendar for any given year and highlights holidays of south africa.,create a c program that generates a calendar for any given year and highlights holidays of brazil.,0.9306930693069307
create a c program that generates a calendar for any given year and highlights holidays of south africa.,create a c program that generates a calendar for any given year and highlights holidays of canada.,0.9306930693069307
create a c program that generates a calendar for any given year and highlights holidays of south africa.,create a c program that generates a calendar for any given year and highlights holidays of china.,0.945273631840796
create a c program that generates a calendar for any given year and highlights holidays of south africa.,create a c program that generates a calendar for any given year and highlights holidays of germany.,0.916256157635468
create a c program that generates a calendar for any given year and highlights holidays of south africa.,create a c program that generates a calendar for any given year and highlights holidays of hungary.,0.9359605911330049
create a c program that generates a calendar for any given year and highlights holidays of south africa.,create a c program that generates a calendar for any given year and highlights holidays of india.,0.9353233830845771
create a c program that generates a calendar for any given year and highlights holidays of south africa.,create a c program that generates a calendar for any given year and highlights holidays of japan.,0.9353233830845771
create a c program that generates a calendar for any given year and highlights holidays of united states.,create a c program that generates a calendar for any given year and highlights holidays of brazil.,0.916256157635468
create a c program that generates a calendar for any given year and highlights holidays of united states.,create a c program that generates a calendar for any given year and highlights holidays of canada.,0.9359605911330049
create a c program that generates a calendar for any given year and highlights holidays of united states.,create a c program that generates a calendar for any given year and highlights holidays of china.,0.9306930693069307
create a c program that generates a calendar for any given year and highlights holidays of united states.,create a c program that generates a calendar for any given year and highlights holidays of germany.,0.9117647058823529
create a c program that generates a calendar for any given year and highlights holidays of united states.,create a c program that generates a calendar for any given year and highlights holidays of hungary.,0.9313725490196079
create a c program that generates a calendar for any given year and highlights holidays of united states.,create a c program that generates a calendar for any given year and highlights holidays of india.,0.9405940594059405
create a c program that generates a calendar for any given year and highlights holidays of united states.,create a c program that generates a calendar for any given year and highlights holidays of japan.,0.9207920792079208
create a c program that generates a calendar for any given year and highlights holidays of united states.,create a c program that generates a calendar for any given year and highlights holidays of south africa.,0.9090909090909091
"create a c program that generates a random password of length VALUE containing uppercase, lowercase, digits and special characters.",create a c program that generates a random password of length VALUE .,0.69
create a c program that generates captcha of length VALUE .,create a c program that generates a random password of length VALUE .,0.859375
create a c program that implements a basic url shortener using md VALUE .,create a c program that implements a basic url shortener using hashing.,0.8888888888888888
create a c program that implements a stack with a capacity of VALUE . it starts removing items that had their expiry time reached. this expiry can be set when adding an item. it is VALUE minutes by default.,create a c program that implements a stack with a capacity of VALUE .,0.5018181818181818
create a c program that performs inorder traversal on a binary tree.,create a c program that performs VALUE traversal on a binary tree.,0.9104477611940298
create a c program that performs levelorder traversal on a binary tree.,create a c program that performs VALUE traversal on a binary tree.,0.8905109489051095
create a c program that performs levelorder traversal on a binary tree.,create a c program that performs inorder traversal on a binary tree.,0.9496402877697842
create a c program that performs postorder traversal on a binary tree.,create a c program that performs VALUE traversal on a binary tree.,0.8970588235294118
create a c program that performs postorder traversal on a binary tree.,create a c program that performs inorder traversal on a binary tree.,0.9565217391304348
create a c program that performs postorder traversal on a binary tree.,create a c program that performs levelorder traversal on a binary tree.,0.9361702127659575
create a c program that performs preorder traversal on a binary tree.,create a c program that performs VALUE traversal on a binary tree.,0.9037037037037037
create a c program that performs preorder traversal on a binary tree.,create a c program that performs inorder traversal on a binary tree.,0.9635036496350365
create a c program that performs preorder traversal on a binary tree.,create a c program that performs levelorder traversal on a binary tree.,0.9571428571428572
create a c program that performs preorder traversal on a binary tree.,create a c program that performs postorder traversal on a binary tree.,0.9640287769784173
create a c program that prints a qr code for the text VALUE .,create a c program that generates a qr code for VALUE .,0.8448275862068966
create a c program that prints the environment variables.,create a c program that prints the environment variables to recreate the command that the user ran.,0.7307692307692307
"create a c program that simulates a simple file system with VALUE files. the user can create, delete, and list files, and they can move between folders.",create a c program that simulates a simple file system with VALUE files.,0.6428571428571429
create a c program that simulates dns lookup for domain VALUE .,create a c program that simulates a simple dns resolver for domain VALUE .,0.8467153284671532
"create a c program that when given a list of stock prices, it calculates the standard deviation of the prices over the last VALUE days.","create a c program that when given a list of stock prices, it calculates the average price over the last VALUE days.",0.8924302788844621
create a c program to check if the string VALUE is a palindrome.,create a c program that checks if VALUE is a palindrome.,0.8666666666666667
create a c program to compress a file VALUE using run-length encoding (rle).,create a c program to compress VALUE using rle encoding.,0.8484848484848485
create a c program to convert the decimal number VALUE to binary.,create a c program to convert the decimal number VALUE to binary and print the binary form to the console.,0.7602339181286549
create a c program to create a random password of length VALUE .,create a c program that generates a random password of length VALUE .,0.9172932330827067
"create a c program to detect and list all usb devices connected to the system. if a given device is a thumb drive, it should also show it's capacity.",create a c program to detect and list all usb devices connected to the system.,0.6872246696035242
create a c program to encrypt the string VALUE using caesar cipher (shift = VALUE ).,create a c program to encode the string VALUE using caesar cipher (shift = VALUE ).,0.9580838323353293
create a c program to find all roots of a quadratic equation ax^ VALUE + bx + c = VALUE .,create a c program to find all roots of a quadratic equation ax^ VALUE + bx + = VALUE .,0.9886363636363636
create a c program to implement a queue with a maximum size of VALUE . it starts removing the oldest elements when the size limit is reached.,create a c program to implement a queue with a maximum size of VALUE .,0.6635071090047393
create a c program to list all running processes on linux. create an optional parameter to filter by name using fuzzy search.,create a c program to list all running processes on linux.,0.6338797814207651
create a c program to parse and validate an ipv VALUE address. also specify if it is public or private.,create a c program to parse and validate an ipv VALUE address.,0.7515151515151515
create a c program to perform a simple port scan on VALUE . VALUE .,create a c program to perform a simple port scan on VALUE .,0.9365079365079365
create a c program to perform a simple port scan on VALUE . VALUE for the top VALUE most common ports,create a c program to perform a simple port scan on VALUE .,0.7375
create a c program to perform a simple port scan on VALUE . VALUE for the top VALUE most common ports,create a c program to perform a simple port scan on VALUE . VALUE .,0.7857142857142857
create a c program to perform http get request to VALUE and print the response.,create a c program to perform http get request to ' VALUE and print the response.,0.9875
create a c program to read integers from a text file VALUE and print their sum.,create a c program to read integers from a file VALUE and print their sum.,0.9673202614379085
create a c program to scan for available bluetooth devices.,create a c program to scan for available bluetooth devices and return them in a list.,0.8194444444444444
create a c program to simulate genetic algorithms for optimizing the program f(x) = (a/b) + (c*d).,create a c program to simulate genetic algorithms for optimizing the program f(x) = (a+b)*c.,0.9473684210526315
create a c program to simulate genetic algorithms for optimizing the program f(x) = (m-n)/(p+q).,create a c program to simulate genetic algorithms for optimizing the program f(x) = (a+b)*c.,0.925531914893617
create a c program to simulate genetic algorithms for optimizing the program f(x) = (m-n)/(p+q).,create a c program to simulate genetic algorithms for optimizing the program f(x) = (a/b) + (c*d).,0.9175257731958762
create a c program to simulate genetic algorithms for optimizing the program f(x) = (u+v)^ VALUE - w.,create a c program to simulate genetic algorithms for optimizing the program f(x) = (a+b)*c.,0.9119170984455959
create a c program to simulate genetic algorithms for optimizing the program f(x) = (u+v)^ VALUE - w.,create a c program to simulate genetic algorithms for optimizing the program f(x) = (a/b) + (c*d).,0.8844221105527639
create a c program to simulate genetic algorithms for optimizing the program f(x) = (u+v)^ VALUE - w.,create a c program to simulate genetic algorithms for optimizing the program f(x) = (m-n)/(p+q).,0.8934010152284264
create a c program to simulate genetic algorithms for optimizing the program f(x) = (x+y)*(z-w)/v.,create a c program to simulate genetic algorithms for optimizing the program f(x) = (a+b)*c.,0.9368421052631579
create a c program to simulate genetic algorithms for optimizing the program f(x) = (x+y)*(z-w)/v.,create a c program to simulate genetic algorithms for optimizing the program f(x) = (a/b) + (c*d).,0.8979591836734694
create a c program to simulate genetic algorithms for optimizing the program f(x) = (x+y)*(z-w)/v.,create a c program to simulate genetic algorithms for optimizing the program f(x) = (m-n)/(p+q).,0.9175257731958762
create a c program to simulate genetic algorithms for optimizing the program f(x) = (x+y)*(z-w)/v.,create a c program to simulate genetic algorithms for optimizing the program f(x) = (u+v)^ VALUE - w.,0.9045226130653267
create a c program to simulate genetic algorithms for optimizing the program f(x) = a*(b+c*(d-e)).,create a c program to simulate genetic algorithms for optimizing the program f(x) = (a+b)*c.,0.9263157894736842
create a c program to simulate genetic algorithms for optimizing the program f(x) = a*(b+c*(d-e)).,create a c program to simulate genetic algorithms for optimizing the program f(x) = (a/b) + (c*d).,0.9285714285714286
create a c program to simulate genetic algorithms for optimizing the program f(x) = a*(b+c*(d-e)).,create a c program to simulate genetic algorithms for optimizing the program f(x) = (m-n)/(p+q).,0.9072164948453608
create a c program to simulate genetic algorithms for optimizing the program f(x) = a*(b+c*(d-e)).,create a c program to simulate genetic algorithms for optimizing the program f(x) = (u+v)^ VALUE - w.,0.8844221105527639
create a c program to simulate genetic algorithms for optimizing the program f(x) = a*(b+c*(d-e)).,create a c program to simulate genetic algorithms for optimizing the program f(x) = (x+y)*(z-w)/v.,0.9081632653061225
create a c program to simulate genetic algorithms for optimizing the program f(x) = a+b*(c-d).,create a c program to simulate genetic algorithms for optimizing the program f(x) = (a+b)*c.,0.967741935483871
create a c program to simulate genetic algorithms for optimizing the program f(x) = a+b*(c-d).,create a c program to simulate genetic algorithms for optimizing the program f(x) = (a/b) + (c*d).,0.9479166666666666
create a c program to simulate genetic algorithms for optimizing the program f(x) = a+b*(c-d).,create a c program to simulate genetic algorithms for optimizing the program f(x) = (m-n)/(p+q).,0.9157894736842105
create a c program to simulate genetic algorithms for optimizing the program f(x) = a+b*(c-d).,create a c program to simulate genetic algorithms for optimizing the program f(x) = (u+v)^ VALUE - w.,0.8923076923076924
create a c program to simulate genetic algorithms for optimizing the program f(x) = a+b*(c-d).,create a c program to simulate genetic algorithms for optimizing the program f(x) = (x+y)*(z-w)/v.,0.9375
create a c program to simulate genetic algorithms for optimizing the program f(x) = a+b*(c-d).,create a c program to simulate genetic algorithms for optimizing the program f(x) = a*(b+c*(d-e)).,0.9479166666666666
create a c program to simulate genetic algorithms for optimizing the program f(x) = abs(x-y) + z.,create a c program to simulate genetic algorithms for optimizing the program f(x) = (a+b)*c.,0.9312169312169312
create a c program to simulate genetic algorithms for optimizing the program f(x) = abs(x-y) + z.,create a c program to simulate genetic algorithms for optimizing the program f(x) = (a/b) + (c*d).,0.9333333333333333
create a c program to simulate genetic algorithms for optimizing the program f(x) = abs(x-y) + z.,create a c program to simulate genetic algorithms for optimizing the program f(x) = (m-n)/(p+q).,0.9222797927461139
create a c program to simulate genetic algorithms for optimizing the program f(x) = abs(x-y) + z.,create a c program to simulate genetic algorithms for optimizing the program f(x) = (u+v)^ VALUE - w.,0.8888888888888888
create a c program to simulate genetic algorithms for optimizing the program f(x) = abs(x-y) + z.,create a c program to simulate genetic algorithms for optimizing the program f(x) = (x+y)*(z-w)/v.,0.9230769230769231
create a c program to simulate genetic algorithms for optimizing the program f(x) = abs(x-y) + z.,create a c program to simulate genetic algorithms for optimizing the program f(x) = a*(b+c*(d-e)).,0.9230769230769231
create a c program to simulate genetic algorithms for optimizing the program f(x) = abs(x-y) + z.,create a c program to simulate genetic algorithms for optimizing the program f(x) = a+b*(c-d).,0.9424083769633508
create a c program to simulate genetic algorithms for optimizing the program f(x) = exp(x) - ln(y).,create a c program to simulate genetic algorithms for optimizing the program f(x) = (a+b)*c.,0.9109947643979057
create a c program to simulate genetic algorithms for optimizing the program f(x) = exp(x) - ln(y).,create a c program to simulate genetic algorithms for optimizing the program f(x) = (a/b) + (c*d).,0.9238578680203046
create a c program to simulate genetic algorithms for optimizing the program f(x) = exp(x) - ln(y).,create a c program to simulate genetic algorithms for optimizing the program f(x) = (m-n)/(p+q).,0.8923076923076924
create a c program to simulate genetic algorithms for optimizing the program f(x) = exp(x) - ln(y).,create a c program to simulate genetic algorithms for optimizing the program f(x) = (u+v)^ VALUE - w.,0.9
create a c program to simulate genetic algorithms for optimizing the program f(x) = exp(x) - ln(y).,create a c program to simulate genetic algorithms for optimizing the program f(x) = (x+y)*(z-w)/v.,0.9035532994923858
create a c program to simulate genetic algorithms for optimizing the program f(x) = exp(x) - ln(y).,create a c program to simulate genetic algorithms for optimizing the program f(x) = a*(b+c*(d-e)).,0.8934010152284264
create a c program to simulate genetic algorithms for optimizing the program f(x) = exp(x) - ln(y).,create a c program to simulate genetic algorithms for optimizing the program f(x) = a+b*(c-d).,0.9119170984455959
create a c program to simulate genetic algorithms for optimizing the program f(x) = exp(x) - ln(y).,create a c program to simulate genetic algorithms for optimizing the program f(x) = abs(x-y) + z.,0.9183673469387755
create a c program to simulate genetic algorithms for optimizing the program f(x) = k*(m+n)-sqrt(p).,create a c program to simulate genetic algorithms for optimizing the program f(x) = (a+b)*c.,0.8958333333333334
create a c program to simulate genetic algorithms for optimizing the program f(x) = k*(m+n)-sqrt(p).,create a c program to simulate genetic algorithms for optimizing the program f(x) = (a/b) + (c*d).,0.8787878787878788
create a c program to simulate genetic algorithms for optimizing the program f(x) = k*(m+n)-sqrt(p).,create a c program to simulate genetic algorithms for optimizing the program f(x) = (m-n)/(p+q).,0.9387755102040817
create a c program to simulate genetic algorithms for optimizing the program f(x) = k*(m+n)-sqrt(p).,create a c program to simulate genetic algorithms for optimizing the program f(x) = (u+v)^ VALUE - w.,0.8855721393034826
create a c program to simulate genetic algorithms for optimizing the program f(x) = k*(m+n)-sqrt(p).,create a c program to simulate genetic algorithms for optimizing the program f(x) = (x+y)*(z-w)/v.,0.8888888888888888
create a c program to simulate genetic algorithms for optimizing the program f(x) = k*(m+n)-sqrt(p).,create a c program to simulate genetic algorithms for optimizing the program f(x) = a*(b+c*(d-e)).,0.9090909090909091
create a c program to simulate genetic algorithms for optimizing the program f(x) = k*(m+n)-sqrt(p).,create a c program to simulate genetic algorithms for optimizing the program f(x) = a+b*(c-d).,0.9175257731958762
create a c program to simulate genetic algorithms for optimizing the program f(x) = k*(m+n)-sqrt(p).,create a c program to simulate genetic algorithms for optimizing the program f(x) = abs(x-y) + z.,0.883248730964467
create a c program to simulate genetic algorithms for optimizing the program f(x) = k*(m+n)-sqrt(p).,create a c program to simulate genetic algorithms for optimizing the program f(x) = exp(x) - ln(y).,0.8944723618090452
create a c program to simulate genetic algorithms for optimizing the program f(x) = log(x) + y.,create a c program to simulate genetic algorithms for optimizing the program f(x) = (a+b)*c.,0.93048128342246
create a c program to simulate genetic algorithms for optimizing the program f(x) = log(x) + y.,create a c program to simulate genetic algorithms for optimizing the program f(x) = (a/b) + (c*d).,0.9326424870466321
create a c program to simulate genetic algorithms for optimizing the program f(x) = log(x) + y.,create a c program to simulate genetic algorithms for optimizing the program f(x) = (m-n)/(p+q).,0.9214659685863874
create a c program to simulate genetic algorithms for optimizing the program f(x) = log(x) + y.,create a c program to simulate genetic algorithms for optimizing the program f(x) = (u+v)^ VALUE - w.,0.9081632653061225
create a c program to simulate genetic algorithms for optimizing the program f(x) = log(x) + y.,create a c program to simulate genetic algorithms for optimizing the program f(x) = (x+y)*(z-w)/v.,0.9119170984455959
create a c program to simulate genetic algorithms for optimizing the program f(x) = log(x) + y.,create a c program to simulate genetic algorithms for optimizing the program f(x) = a*(b+c*(d-e)).,0.9015544041450777
create a c program to simulate genetic algorithms for optimizing the program f(x) = log(x) + y.,create a c program to simulate genetic algorithms for optimizing the program f(x) = a+b*(c-d).,0.9206349206349206
create a c program to simulate genetic algorithms for optimizing the program f(x) = log(x) + y.,create a c program to simulate genetic algorithms for optimizing the program f(x) = abs(x-y) + z.,0.9479166666666666
create a c program to simulate genetic algorithms for optimizing the program f(x) = log(x) + y.,create a c program to simulate genetic algorithms for optimizing the program f(x) = exp(x) - ln(y).,0.9381443298969072
create a c program to simulate genetic algorithms for optimizing the program f(x) = log(x) + y.,create a c program to simulate genetic algorithms for optimizing the program f(x) = k*(m+n)-sqrt(p).,0.8923076923076924
create a c program to simulate genetic algorithms for optimizing the program f(x) = r^ VALUE + s^ VALUE .,create a c program to simulate genetic algorithms for optimizing the program f(x) = (a+b)*c.,0.8730964467005076
create a c program to simulate genetic algorithms for optimizing the program f(x) = r^ VALUE + s^ VALUE .,create a c program to simulate genetic algorithms for optimizing the program f(x) = (a/b) + (c*d).,0.8669950738916257
create a c program to simulate genetic algorithms for optimizing the program f(x) = r^ VALUE + s^ VALUE .,create a c program to simulate genetic algorithms for optimizing the program f(x) = (m-n)/(p+q).,0.8557213930348259
create a c program to simulate genetic algorithms for optimizing the program f(x) = r^ VALUE + s^ VALUE .,create a c program to simulate genetic algorithms for optimizing the program f(x) = (u+v)^ VALUE - w.,0.912621359223301
create a c program to simulate genetic algorithms for optimizing the program f(x) = r^ VALUE + s^ VALUE .,create a c program to simulate genetic algorithms for optimizing the program f(x) = (x+y)*(z-w)/v.,0.8472906403940886
create a c program to simulate genetic algorithms for optimizing the program f(x) = r^ VALUE + s^ VALUE .,create a c program to simulate genetic algorithms for optimizing the program f(x) = a*(b+c*(d-e)).,0.8472906403940886
create a c program to simulate genetic algorithms for optimizing the program f(x) = r^ VALUE + s^ VALUE .,create a c program to simulate genetic algorithms for optimizing the program f(x) = a+b*(c-d).,0.864321608040201
create a c program to simulate genetic algorithms for optimizing the program f(x) = r^ VALUE + s^ VALUE .,create a c program to simulate genetic algorithms for optimizing the program f(x) = abs(x-y) + z.,0.8712871287128713
create a c program to simulate genetic algorithms for optimizing the program f(x) = r^ VALUE + s^ VALUE .,create a c program to simulate genetic algorithms for optimizing the program f(x) = exp(x) - ln(y).,0.8529411764705882
create a c program to simulate genetic algorithms for optimizing the program f(x) = r^ VALUE + s^ VALUE .,create a c program to simulate genetic algorithms for optimizing the program f(x) = log(x) + y.,0.88
create a c program to simulate genetic algorithms for optimizing the program f(x) = sin(theta) * r.,create a c program to simulate genetic algorithms for optimizing the program f(x) = (a+b)*c.,0.9319371727748691
create a c program to simulate genetic algorithms for optimizing the program f(x) = sin(theta) * r.,create a c program to simulate genetic algorithms for optimizing the program f(x) = (a/b) + (c*d).,0.9137055837563451
create a c program to simulate genetic algorithms for optimizing the program f(x) = sin(theta) * r.,create a c program to simulate genetic algorithms for optimizing the program f(x) = (m-n)/(p+q).,0.9025641025641026
create a c program to simulate genetic algorithms for optimizing the program f(x) = sin(theta) * r.,create a c program to simulate genetic algorithms for optimizing the program f(x) = (u+v)^ VALUE - w.,0.89
create a c program to simulate genetic algorithms for optimizing the program f(x) = sin(theta) * r.,create a c program to simulate genetic algorithms for optimizing the program f(x) = (x+y)*(z-w)/v.,0.8934010152284264
create a c program to simulate genetic algorithms for optimizing the program f(x) = sin(theta) * r.,create a c program to simulate genetic algorithms for optimizing the program f(x) = a*(b+c*(d-e)).,0.8934010152284264
create a c program to simulate genetic algorithms for optimizing the program f(x) = sin(theta) * r.,create a c program to simulate genetic algorithms for optimizing the program f(x) = a+b*(c-d).,0.9015544041450777
create a c program to simulate genetic algorithms for optimizing the program f(x) = sin(theta) * r.,create a c program to simulate genetic algorithms for optimizing the program f(x) = abs(x-y) + z.,0.9183673469387755
create a c program to simulate genetic algorithms for optimizing the program f(x) = sin(theta) * r.,create a c program to simulate genetic algorithms for optimizing the program f(x) = exp(x) - ln(y).,0.8888888888888888
create a c program to simulate genetic algorithms for optimizing the program f(x) = sin(theta) * r.,create a c program to simulate genetic algorithms for optimizing the program f(x) = k*(m+n)-sqrt(p).,0.8844221105527639
create a c program to simulate genetic algorithms for optimizing the program f(x) = sin(theta) * r.,create a c program to simulate genetic algorithms for optimizing the program f(x) = log(x) + y.,0.9175257731958762
create a c program to simulate genetic algorithms for optimizing the program f(x) = sin(theta) * r.,create a c program to simulate genetic algorithms for optimizing the program f(x) = r^ VALUE + s^ VALUE .,0.8627450980392157
create a c program to simulate genetic algorithms for optimizing the program f(x) = sqrt(a*b) - c.,create a c program to simulate genetic algorithms for optimizing the program f(x) = (a+b)*c.,0.9473684210526315
create a c program to simulate genetic algorithms for optimizing the program f(x) = sqrt(a*b) - c.,create a c program to simulate genetic algorithms for optimizing the program f(x) = (a/b) + (c*d).,0.9387755102040817
create a c program to simulate genetic algorithms for optimizing the program f(x) = sqrt(a*b) - c.,create a c program to simulate genetic algorithms for optimizing the program f(x) = (m-n)/(p+q).,0.8969072164948454
create a c program to simulate genetic algorithms for optimizing the program f(x) = sqrt(a*b) - c.,create a c program to simulate genetic algorithms for optimizing the program f(x) = (u+v)^ VALUE - w.,0.9045226130653267
create a c program to simulate genetic algorithms for optimizing the program f(x) = sqrt(a*b) - c.,create a c program to simulate genetic algorithms for optimizing the program f(x) = (x+y)*(z-w)/v.,0.8979591836734694
create a c program to simulate genetic algorithms for optimizing the program f(x) = sqrt(a*b) - c.,create a c program to simulate genetic algorithms for optimizing the program f(x) = a*(b+c*(d-e)).,0.9081632653061225
create a c program to simulate genetic algorithms for optimizing the program f(x) = sqrt(a*b) - c.,create a c program to simulate genetic algorithms for optimizing the program f(x) = a+b*(c-d).,0.90625
create a c program to simulate genetic algorithms for optimizing the program f(x) = sqrt(a*b) - c.,create a c program to simulate genetic algorithms for optimizing the program f(x) = abs(x-y) + z.,0.9230769230769231
create a c program to simulate genetic algorithms for optimizing the program f(x) = sqrt(a*b) - c.,create a c program to simulate genetic algorithms for optimizing the program f(x) = exp(x) - ln(y).,0.9137055837563451
create a c program to simulate genetic algorithms for optimizing the program f(x) = sqrt(a*b) - c.,create a c program to simulate genetic algorithms for optimizing the program f(x) = k*(m+n)-sqrt(p).,0.9191919191919192
create a c program to simulate genetic algorithms for optimizing the program f(x) = sqrt(a*b) - c.,create a c program to simulate genetic algorithms for optimizing the program f(x) = log(x) + y.,0.9222797927461139
create a c program to simulate genetic algorithms for optimizing the program f(x) = sqrt(a*b) - c.,create a c program to simulate genetic algorithms for optimizing the program f(x) = r^ VALUE + s^ VALUE .,0.8669950738916257
create a c program to simulate genetic algorithms for optimizing the program f(x) = sqrt(a*b) - c.,create a c program to simulate genetic algorithms for optimizing the program f(x) = sin(theta) * r.,0.9238578680203046
create a c program to simulate genetic algorithms for optimizing the program f(x) = x*(y+z)-w.,create a c program to simulate genetic algorithms for optimizing the program f(x) = (a+b)*c.,0.9247311827956989
create a c program to simulate genetic algorithms for optimizing the program f(x) = x*(y+z)-w.,create a c program to simulate genetic algorithms for optimizing the program f(x) = (a/b) + (c*d).,0.90625
create a c program to simulate genetic algorithms for optimizing the program f(x) = x*(y+z)-w.,create a c program to simulate genetic algorithms for optimizing the program f(x) = (m-n)/(p+q).,0.9263157894736842
create a c program to simulate genetic algorithms for optimizing the program f(x) = x*(y+z)-w.,create a c program to simulate genetic algorithms for optimizing the program f(x) = (u+v)^ VALUE - w.,0.9230769230769231
create a c program to simulate genetic algorithms for optimizing the program f(x) = x*(y+z)-w.,create a c program to simulate genetic algorithms for optimizing the program f(x) = (x+y)*(z-w)/v.,0.9479166666666666
create a c program to simulate genetic algorithms for optimizing the program f(x) = x*(y+z)-w.,create a c program to simulate genetic algorithms for optimizing the program f(x) = a*(b+c*(d-e)).,0.9270833333333334
create a c program to simulate genetic algorithms for optimizing the program f(x) = x*(y+z)-w.,create a c program to simulate genetic algorithms for optimizing the program f(x) = a+b*(c-d).,0.9361702127659575
create a c program to simulate genetic algorithms for optimizing the program f(x) = x*(y+z)-w.,create a c program to simulate genetic algorithms for optimizing the program f(x) = abs(x-y) + z.,0.9319371727748691
create a c program to simulate genetic algorithms for optimizing the program f(x) = x*(y+z)-w.,create a c program to simulate genetic algorithms for optimizing the program f(x) = exp(x) - ln(y).,0.9222797927461139
create a c program to simulate genetic algorithms for optimizing the program f(x) = x*(y+z)-w.,create a c program to simulate genetic algorithms for optimizing the program f(x) = k*(m+n)-sqrt(p).,0.9278350515463918
create a c program to simulate genetic algorithms for optimizing the program f(x) = x*(y+z)-w.,create a c program to simulate genetic algorithms for optimizing the program f(x) = log(x) + y.,0.9206349206349206
create a c program to simulate genetic algorithms for optimizing the program f(x) = x*(y+z)-w.,create a c program to simulate genetic algorithms for optimizing the program f(x) = r^ VALUE + s^ VALUE .,0.864321608040201
create a c program to simulate genetic algorithms for optimizing the program f(x) = x*(y+z)-w.,create a c program to simulate genetic algorithms for optimizing the program f(x) = sin(theta) * r.,0.8911917098445595
create a c program to simulate genetic algorithms for optimizing the program f(x) = x*(y+z)-w.,create a c program to simulate genetic algorithms for optimizing the program f(x) = sqrt(a*b) - c.,0.9166666666666666
create a c program to simulate memory allocation using best fit.,create a c program to simulate memory allocation using VALUE fit.,0.9302325581395349
create a c program to simulate memory allocation using first fit.,create a c program to simulate memory allocation using VALUE fit.,0.9230769230769231
create a c program to simulate memory allocation using first fit.,create a c program to simulate memory allocation using best fit.,0.9612403100775194
create a c program to simulate memory allocation using worst fit.,create a c program to simulate memory allocation using VALUE fit.,0.9230769230769231
create a c program to simulate memory allocation using worst fit.,create a c program to simulate memory allocation using best fit.,0.9612403100775194
create a c program to simulate memory allocation using worst fit.,create a c program to simulate memory allocation using first fit.,0.9692307692307692
create a c program to visualize dijkstra's algorithm step by step in console.,create a c program that visualizes sorting algorithms step by step in the console.,0.8427672955974843
