condition,model,split,accuracy,macro_f1,macro_precision,macro_recall,training_seconds,inference_seconds,model_MB
original,Naive Bayes,validation,0.6893888515782405,0.6902698225550675,0.703297916640113,0.6907369814834641,0.12128310000116471,0.026847500004805624,2.898467
original,Naive Bayes,test,0.6268078512396694,0.6278149596359703,0.6641815866137747,0.6277542636326479,0.12128310000116471,0.038906699992367066,2.898467
original,Logistic Regression,validation,0.7881128274009402,0.7913448449924319,0.8009933068898528,0.7897541473099056,15.167242499999702,0.02231970000138972,0.862501
original,Logistic Regression,test,0.768853305785124,0.7703601211222754,0.7820369838580892,0.7690476557534778,15.167242499999702,0.029472399997757748,0.862501
original,Linear SVM,validation,0.8038952316991269,0.8062140805934097,0.8140735737389757,0.8054456138331855,5.3573838000011165,0.026451599987922236,1.767012
original,Linear SVM,test,0.7975206611570248,0.7970260999301084,0.8075565205017788,0.7977200314614412,5.3573838000011165,0.036833299993304536,1.767012
original,Random Forest,validation,0.7646071188717259,0.7608876047185115,0.7760205502204682,0.7670044924560296,20.111273600006825,0.23470600000291597,9.934878
original,Random Forest,test,0.6900826446280992,0.6795882928627084,0.709254296690521,0.6901415174983593,20.111273600006825,0.28742459999921266,9.934878
comments_removed,Naive Bayes,validation,0.5298858294157153,0.5286848607074566,0.5368137696789965,0.5312864741885065,0.07888549999915995,0.020782000006875023,2.826968
comments_removed,Naive Bayes,test,0.47365702479338845,0.45779041453041136,0.5055014039848713,0.4735655085658658,0.07888549999915995,0.02492779999738559,2.826968
comments_removed,Logistic Regression,validation,0.6544660846205507,0.6580203865620154,0.6751687845318469,0.6565185022222542,11.912023299999419,0.015764399999170564,0.84979
comments_removed,Logistic Regression,test,0.5880681818181818,0.586692143468796,0.6224689633142562,0.5878659347675543,11.912023299999419,0.01832719999947585,0.84979
comments_removed,Linear SVM,validation,0.687038280725319,0.688290055696418,0.7064438366330649,0.6889200946711369,3.982004199991934,0.020281100005377084,1.741956
comments_removed,Linear SVM,test,0.6074380165289256,0.603165408472668,0.6409759528247885,0.6073676796482838,3.982004199991934,0.024663299991516396,1.741956
comments_removed,Random Forest,validation,0.6464069845533915,0.6453360911131926,0.6713200120650832,0.6489672378497288,15.744586600005277,0.16277989999798592,11.294874
comments_removed,Random Forest,test,0.5774793388429752,0.5655788323672557,0.6165061035996371,0.5769225472094692,15.744586600005277,0.22377650000271387,11.294874
