problem_id,samples,exact_prompts
01e9a36bf9b1e194,133,66
045b739a2be2b8d3,26,2
0547fe57b37fd974,155,7
08b9190bc2f8d5e2,27,1
0984c6588b01fe43,162,4
0a48a5a405b53718,488,38
0c4db88f72aa96b7,100,12
0c99e18a19e2cb2f,116,2
0d89b945caa9fb4a,34,2
0e4765ffb36f0cb8,139,33
105e7a3be2550241,33,27
1290e8b77b0689b1,33,1
12d9580072eff660,33,18
12f3893dfb05cac6,190,89
13158ac6e91cc100,112,1
14c4897fc5db920a,149,6
1557533e00bd6d26,35,17
1574d0e71415c9e9,187,29
15d96670ba111208,31,1
15fc2a75c2538fa5,28,1
16589fcf807200b6,29,1
1989adacf46d1a4a,183,181
198e5c4b71a9d0de,121,2
1afc408b21de6ac7,34,1
1d4e617236f8900a,126,74
1daca7d852a3154d,110,95
1e1dda93473edcd4,30,1
1edc6c6603eedd49,316,92
206d32c0c435a614,29,26
2094abc6252b1877,165,30
22679d9c94c30a8e,129,34
230a6af03c78ab9e,181,68
2515d207ceb0a575,29,2
258ad3031213a5ae,137,2
2646ec9c171833ed,191,189
269ad98d28e8eb81,23,1
26a0e17eaa55d4ab,380,41
2799d201824f5803,134,2
280b822ea6290dc9,123,2
28a3ddf3c14d3a9b,138,2
2a785da793dad53f,29,2
2e08fc26caec63c6,134,13
2e3abd9e01be362d,189,139
2e493e79c9930e40,190,22
2f512ccf75bf1e5f,192,191
3092023515dd6970,142,2
313acf25687da6b8,110,18
3288598fc9820038,134,2
329bcf44438ff232,130,2
32cd2171006d4abf,50,2
32e204e09745df1e,34,2
34d173b718826e2c,35,35
351d4dcc2ae9d459,31,1
35d7dddb589b49c3,155,153
373aa7b1c86bf882,132,2
3804769569c9bcf4,35,2
380bd4f3de7d115c,188,186
395823431bf3f0d1,119,2
3b806bd91ece2c75,19,2
3bcd34e914ed91d5,27,2
3c83e2ba3f808521,140,3
3cc58ed19fa38708,139,32
3cdffc274d4e0a54,192,191
3d8fd9762c9404fc,25,1
404023cb4bea6755,135,2
407abcc3e05acd40,201,201
425ca8eff7ac1577,60,2
426e9f99018171d6,32,2
42f1240ae990c53f,135,2
43af860dc977d1f0,111,2
43e1f4d5c5e1c599,34,1
43fbd0bc7e5f564c,26,1
450f2efeab36d14e,151,148
47735012bd937135,11,2
49d9291ba100d373,30,2
4ab727bdbd0a6238,189,189
4b42a5f7601be107,24,2
4bda1f8af346a0dc,112,2
4c15da0091105b09,124,20
4d300b09d1eb068d,312,179
4d4a3bfd0479c21c,27,2
504b4fd5bf182ccf,178,90
539a11bc32c03ff0,146,80
55600ee3a3bffc7c,31,2
572020780686bb8b,31,1
5893ea1763e429c2,33,2
5e229ccc602ab261,164,4
62e2a170ca0ccda3,29,16
630854d3efdffa76,2,2
634301627ad9e77f,29,2
64aad7a8afdfeee0,34,1
64bf7713dff6ecfd,29,1
65800a88d31a0bad,27,1
65f34f7328314855,35,1
65fd404603d7a9bf,30,2
66349429a4bbd28f,411,202
66821fe6f056ab6c,185,185
66e082f82a8da31b,192,87
676c25c9bbe19d15,9,9
679094ae3a614fd7,187,13
6aa982645deae7e5,29,1
6ab86696942970d5,120,19
6c0e643e6de72502,129,2
6cda65565be16a7d,119,5
6ce07c5d08c98852,133,57
6fcdfde7fcb400f0,320,91
71ffd96b53f4914e,192,108
7368e43d7f8ae61e,37,1
74f23e28a0e4555a,190,90
7566bb7a7ea0a4a8,108,3
76152896ce0464d4,35,2
76697d7d8ebe5d4a,30,2
76a8af07eeb10773,13,2
76eedf57ea47c3c2,24,12
7793ac3d64147ea5,31,13
77b8f0b6e76c5174,23,2
78634e7d1cb4e5ca,133,31
78b3628b7a8c7b21,113,2
78c646cadc37627b,33,33
79003eb11cb93d91,166,22
79385d27aa2994f2,32,1
796d34b9cc2cd094,19,1
7a28e3c2f90c163e,189,91
7a94db70c5dd0e33,191,90
7b04e92f600b80c8,26,1
7b2446f16ed53dee,128,2
7c6318746308bcac,183,86
7ce5aa89adc00545,18,1
7e0c552b9790a0c5,178,63
8091efb8cc4158c3,184,179
819aaf72a5b8b178,26,2
82b2a683c94ef8ca,319,12
831dbdc151e73dad,92,2
834e4fa76ad345a4,129,2
83c43e832e9186e7,30,1
83f0da81fe1c7886,139,123
83f621a0a3950ab4,641,289
850058128df7f6ba,212,40
85ce9b6f67208d41,138,2
87307ea56d8b1697,327,33
87747ee360cd1d26,495,191
8b58a8cd6e2ea863,136,2
8cc2d9248cde6614,139,3
8d3cf443838774e1,28,1
8d441c273f02b9ed,18,1
8ea080ea17c3c952,182,93
8f1d1c6eec2b5ef4,35,1
8f26829a12af3092,35,1
910929ff6e319d6b,33,2
9232b951f0b20adb,32,2
9254c4d379e8a204,195,194
939b3f7dfee2cc31,186,5
93c68ec19b980c42,80,2
94619cf502738100,37,2
95d4d5c25f3ac3ba,25,1
97afa1ae5c018220,31,2
9844ace528ba3c9c,35,1
99bcb53ddb6dd9f1,328,42
9aa4b3f69a6ac48e,83,20
9d7fb7eff071eb8c,98,3
9da8d1f6fa14d0b2,178,178
9f3cb7c1620982d7,29,1
a07bf8d4997d158a,29,1
a0db584621f42acf,120,18
a0f9b252dab4c845,483,58
a18e149680fc36c5,102,1
a3f4e6b321f00ef4,330,188
a40f6b4e6e5580ea,123,2
a5017777df0704ff,163,27
a535eb0707e7a3ea,31,17
a64f555fe63b0fd9,34,1
a71ab381666e3633,506,75
a9403f2493b625fb,186,184
a96f1cd11a0ce041,116,12
a9a55f779db66d85,1152,340
aa4cfdd433405057,189,19
ac98fa7fcf3eca88,185,182
acc5c9b5e1275c7d,30,18
ad68ba1dd1003af1,30,1
ae416a5c3c547f99,29,1
af6ebb08297ece14,131,79
af96a14206ff7fa1,29,2
b0055e5c5f39753e,153,78
b03e988e1ecba369,32,1
b3769cd8717b54b6,139,2
b3ad28f5aeea1ed8,184,182
b4059b2b68c8bafc,189,25
b72c9c7123dc2af6,91,2
b79319c5f07d62bf,194,29
b8df99f938e38a43,47,3
b8fac64ef2bfd755,134,2
bba3f3231cd16d29,193,20
bd3bcff64a6d780b,36,1
bd8aab3f94dcf83e,136,3
bdf4d862b26f700e,306,303
be91f630b05183de,137,3
c41091b6b3134fb7,452,264
c5ffcb168c977e4e,127,102
c667fa89c4b00047,24,24
c7535d3ab0bc2f46,32,16
c8beb1a926d516ff,308,5
c99cd489fcba6560,181,92
cb3cc3f9dbd6e807,36,2
cd37d09f307acfb8,33,8
cded0322192e7de7,61,51
ce97f4692ffa0471,35,1
d04fafe898857aaf,10,1
d199b15a6eedaa24,5,1
d2c23f20a968310d,29,13
d33a9f05e7e771f2,161,19
d349516ff337ecba,29,17
d359cf95a3c92054,182,7
d39c683de83373b1,23,2
d4515fc4181f2d8a,136,135
d4a43dfc8be6bb6b,191,93
d53d0a6368c9b9d6,188,30
d6427837951dc052,143,56
d72de8f6af158205,240,25
d7f3288bd2ed7a96,129,3
d902b73c4800af1d,132,32
d907638f15f10c8e,185,65
d94b7b5a04aac6a4,35,1
dd98b0e493e6f81d,125,2
ddf1635034d0b415,28,2
e08cbbcce12b9b6c,182,89
e0a7ad961c2cc96e,182,22
e133be2cec208de9,115,2
e2b5605d68356d9f,33,1
e3366ce39b9f1f16,35,2
e39a92a676708d25,15,1
e40c0f90b39dad5f,188,181
e60e6a9623e06c3a,184,89
e65a5aa91e4a0634,121,28
e66ccb526abcf8f3,36,36
e7f492a4cba6ba2d,189,187
ea16c6ca687f920f,164,9
eab306f4360c5b5e,188,110
eafd731ee7755c92,35,1
ec07a38de9fcfc12,180,88
ecc5e09bfea3ba21,133,2
ecfae5479f4f0560,192,52
ed257f6c79efe977,139,3
f1fcd9a021199e81,186,92
f2e9768651d73abf,131,19
f32fa210ca16567d,8,8
f39b65dd1c3195e7,131,2
f3cd9efe57143c4d,25,23
f446907d20b4aa32,358,44
f44df160e0c2e4e5,320,94
f4e4030b804ed510,26,1
f556ab2392a22725,172,2
f7389c62713841cf,189,58
f7c03b347deffb37,26,13
f827ef69afd81caa,142,2
fa47afb62d8f9f7a,30,2
faf4d4fc112e1dd0,124,71
ff43ed57eb823787,37,1
ff588dedada337e5,51,40
ff90b066606faf76,1,1
