template_index,matched_exact_prompts,inferred_groups
0,81,1
1,19,1
2,33,1
3,18,1
4,29,1
5,38,1
6,19,1
7,32,1
8,10,1
9,89,1
10,87,1
11,62,1
12,2,1
13,65,1
14,32,1
15,31,1
16,12,1
17,90,1
18,1,1
19,2,1
20,20,1
21,55,1
22,22,1
23,6,1
24,90,1
25,93,1
26,17,1
27,2,1
28,91,1
29,21,1
30,2,1
31,83,1
32,7,1
33,1,1
34,185,1
35,24,1
36,92,1
37,89,1
38,58,1
39,86,1
40,90,1
41,28,1
42,87,1
43,1,1
44,22,1
45,40,1
46,79,1
47,90,1
48,15,1
49,7,1
50,2,1
51,194,1
52,1,1
53,2,1
54,9,1
55,2,1
56,20,1
57,19,1
58,90,1
59,181,1
60,2,1
61,186,1
62,26,1
63,86,1
64,189,1
65,1,1
66,30,1
67,89,1
68,1,1
69,4,1
70,93,1
71,1,1
72,1,1
73,33,1
74,2,1
75,191,1
76,52,1
77,189,1
78,21,1
79,1,1
80,31,1
81,13,1
82,22,1
83,21,1
84,88,1
85,191,1
86,5,1
87,16,1
88,182,1
89,178,1
90,179,1
91,2,1
92,34,1
93,2,1
94,1,1
95,2,1
96,34,1
97,2,1
98,76,1
99,13,1
100,66,1
101,2,1
102,71,1
103,2,1
104,2,1
105,2,1
106,18,1
107,18,1
108,2,1
109,2,1
110,1,1
111,102,1
112,75,1
113,2,1
114,18,1
115,2,1
116,2,1
117,2,1
118,2,1
119,2,1
120,10,1
121,2,1
122,2,1
123,2,1
124,2,1
125,1,1
126,1,1
127,2,1
128,1,1
129,2,1
130,2,1
131,1,1
132,1,1
133,1,1
134,1,1
135,1,1
136,1,1
137,1,1
138,1,1
139,1,1
140,8,1
141,36,1
142,1,1
143,1,1
144,2,1
145,2,1
146,1,1
147,35,1
148,2,1
149,27,1
150,13,1
151,1,1
152,1,1
153,16,1
154,2,1
155,19,1
156,184,1
157,124,1
158,153,1
159,1,1
160,80,1
161,91,1
162,182,1
163,68,1
164,23,1
165,1,1
166,92,1
167,179,1
168,13,1
169,30,1
170,1,1
171,1,1
172,2,1
173,28,1
174,32,1
175,40,1
176,31,1
177,2,1
178,1,1
179,89,1
180,2,1
181,79,1
182,19,1
183,2,1
184,32,1
185,74,1
186,2,1
187,181,1
188,1,1
189,1,1
190,1,1
191,24,1
192,27,1
193,1,1
194,1,1
195,8,1
196,2,1
197,1,1
198,2,1
199,2,1
200,2,1
201,18,1
202,2,1
203,20,1
204,20,1
205,1,1
206,1,1
207,2,1
208,1,1
209,2,1
210,57,1
211,6,1
212,2,1
213,184,1
214,1,1
215,1,1
216,2,1
217,0,0
218,2,1
219,2,1
220,2,1
221,9,1
222,63,1
223,24,1
224,15,1
225,15,1
226,18,1
227,7,1
228,26,1
229,2,1
230,2,1
231,6,1
232,31,1
233,1,1
234,1,1
235,1,1
236,1,1
237,18,1
238,17,1
239,16,1
240,13,1
241,2,1
242,2,1
243,123,1
244,17,1
245,2,1
246,17,1
247,2,1
248,2,1
249,2,1
250,2,1
251,2,1
252,25,1
253,2,1
254,2,1
255,2,1
256,1,1
257,20,1
258,2,1
259,2,1
260,2,1
261,2,1
262,19,1
263,1,1
264,2,1
265,135,1
266,2,1
267,2,1
268,2,1
269,2,1
270,1,1
271,2,1
272,0,0
273,2,1
274,2,1
275,2,1
276,2,1
277,31,1
278,176,1
279,12,1
280,27,1
281,26,1
282,95,1
283,2,1
284,2,1
285,2,1
286,2,1
287,2,1
288,2,1
289,2,1
290,2,1
291,2,1
292,12,1
293,2,1
294,2,1
295,2,1
296,2,1
297,2,1
298,2,1
299,1,1
